path,t,endpoint_disagreement,mean_endpoint_mse_to_data,endpoint_mse_to_data_rfrac_0.0,endpoint_mse_to_data_rfrac_0.25,endpoint_mse_to_data_rfrac_0.5,endpoint_mse_to_data_rfrac_0.75,endpoint_mse_to_data_rfrac_1.0
00168/img00168003.png,0.25,0.0006993167335167527,0.03585117310285568,0.03948668763041496,0.03714221715927124,0.035727791488170624,0.03516872599720955,0.03522701561450958
00168/img00168039.png,0.25,0.0008680716273374856,0.05724037438631058,0.061740271747112274,0.05905666574835777,0.057214245200157166,0.05633419379591942,0.056196849793195724
00168/img00168064.png,0.25,0.0007891237619332969,0.06381871551275253,0.06796565651893616,0.06555173546075821,0.06379678845405579,0.0629265308380127,0.06279848515987396
00168/img00168116.png,0.25,0.0007815071730874479,0.05175352096557617,0.05528409034013748,0.053092166781425476,0.051735714077949524,0.051237087696790695,0.05132609233260155
00168/img00168122.png,0.25,0.0007573290495201945,0.039680492132902145,0.044235244393348694,0.04127774015069008,0.03946796804666519,0.03867603838443756,0.03853212296962738
00168/img00168143.png,0.25,0.0006270929588936269,0.04491739720106125,0.04851220175623894,0.04627517983317375,0.04485079646110535,0.04414944350719452,0.043934810906648636
00168/img00168162.png,0.25,0.0008388935821130872,0.06077928841114044,0.06500623375177383,0.0625835731625557,0.06081316992640495,0.05992201715707779,0.059765905141830444
00168/img00168165.png,0.25,0.0007870490080676973,0.03276432305574417,0.0363788977265358,0.033985331654548645,0.032675549387931824,0.032273512333631516,0.032443568110466
00168/img00168003.png,0.5,0.003672320395708084,0.11563058197498322,0.13277482986450195,0.12150879204273224,0.11587779223918915,0.1133880764245987,0.11296500265598297
00168/img00168039.png,0.5,0.006994669325649738,0.18961334228515625,0.22800546884536743,0.20704257488250732,0.1916045844554901,0.18107450008392334,0.1753128468990326
00168/img00168064.png,0.5,0.008718160912394524,0.25407862663269043,0.2948383092880249,0.2734927535057068,0.2574254870414734,0.2462548315525055,0.24197253584861755
00168/img00168116.png,0.5,0.0064228372648358345,0.1889767199754715,0.22097305953502655,0.202577605843544,0.19033750891685486,0.18301787972450256,0.1800917387008667
00168/img00168122.png,0.5,0.004733838140964508,0.12586504220962524,0.1511799693107605,0.13410106301307678,0.12502548098564148,0.12134341895580292,0.1213444173336029
00168/img00168143.png,0.5,0.005718671716749668,0.168887197971344,0.20059987902641296,0.18289628624916077,0.1698879897594452,0.16158390045166016,0.15806125104427338
00168/img00168162.png,0.5,0.008868356235325336,0.23255598545074463,0.27587416768074036,0.2525400221347809,0.23499353229999542,0.2236720770597458,0.22004197537899017
00168/img00168165.png,0.5,0.003515862626954913,0.09732943028211594,0.11015015840530396,0.10170550644397736,0.0982491672039032,0.09691861271858215,0.09720298647880554
00168/img00168003.png,0.75,0.015043938532471657,0.24603009223937988,0.31418919563293457,0.27957192063331604,0.2550494074821472,0.23594221472740173,0.220617413520813
00168/img00168039.png,0.75,0.033724214881658554,0.40632709860801697,0.5511765480041504,0.47979986667633057,0.42283737659454346,0.38122159242630005,0.3652210831642151
00168/img00168064.png,0.75,0.030448460951447487,0.46256422996520996,0.6092199087142944,0.5288972854614258,0.4772126078605652,0.4384523928165436,0.4112812876701355
00168/img00168116.png,0.75,0.03037041798233986,0.4357021450996399,0.5863059163093567,0.5192269086837769,0.4619423747062683,0.3994308412075043,0.36345675587654114
00168/img00168122.png,0.75,0.031386055052280426,0.31014877557754517,0.4653072655200958,0.37967613339424133,0.32684704661369324,0.28257840871810913,0.2532652020454407
00168/img00168143.png,0.75,0.02596479095518589,0.3719986379146576,0.48596298694610596,0.4250086843967438,0.37989509105682373,0.352569580078125,0.34638074040412903
00168/img00168162.png,0.75,0.02281443029642105,0.43357351422309875,0.546474814414978,0.4760080873966217,0.4375085234642029,0.4210919737815857,0.40085625648498535
00168/img00168165.png,0.75,0.015525475144386292,0.2727348506450653,0.3251064419746399,0.3017262816429138,0.28731849789619446,0.27373507618904114,0.25341540575027466
00168/img00168003.png,0.9,0.055757295340299606,0.4514961540699005,0.6344689726829529,0.5412817597389221,0.47796130180358887,0.427057683467865,0.45549753308296204
00168/img00168039.png,0.9,0.06316819041967392,0.5472916960716248,0.7940672039985657,0.6613520979881287,0.5797993540763855,0.5095645189285278,0.5075163245201111
00168/img00168064.png,0.9,0.04713485762476921,0.6291493773460388,0.8763418197631836,0.742231547832489,0.6542547941207886,0.5821978449821472,0.5263951420783997
00168/img00168116.png,0.9,0.04873707517981529,0.6615927219390869,0.9190341234207153,0.7926997542381287,0.7012660503387451,0.6229116916656494,0.5157370567321777
00168/img00168122.png,0.9,0.05142120644450188,0.6214823722839355,0.8851453065872192,0.7066264152526855,0.6186403632164001,0.5774635076522827,0.5766421556472778
00168/img00168143.png,0.9,0.052279021590948105,0.6121214032173157,0.8538140058517456,0.7170034646987915,0.6540079116821289,0.6028599739074707,0.49431681632995605
00168/img00168162.png,0.9,0.041665926575660706,0.5083860158920288,0.7364820241928101,0.5997591018676758,0.5227346420288086,0.4654358923435211,0.42584824562072754
00168/img00168165.png,0.9,0.04879302531480789,0.4340856075286865,0.6597955226898193,0.5570744872093201,0.47106629610061646,0.3898187279701233,0.33663812279701233
00168/img00168167.png,0.25,0.0006928140064701438,0.02865222468972206,0.03219728171825409,0.029776427894830704,0.028524069115519524,0.028102900832891464,0.028124520555138588
00168/img00168187.png,0.25,0.0008628815412521362,0.043384455144405365,0.04723842069506645,0.04472459852695465,0.04329649358987808,0.042863134294748306,0.04311402514576912
00168/img00168199.png,0.25,0.0007031986024230719,0.04240916669368744,0.04647916182875633,0.04401136189699173,0.04230544716119766,0.041472211480140686,0.041293658316135406
00168/img00168219.png,0.25,0.0006722504622302949,0.03185001760721207,0.03486352413892746,0.032793089747428894,0.03177197650074959,0.03151249885559082,0.03167026489973068
00168/img00168246.png,0.25,0.0008364447276107967,0.06537162512540817,0.06997170299291611,0.06735469400882721,0.06538381427526474,0.06431593000888824,0.06401423364877701
00168/img00168253.png,0.25,0.0009039868018589914,0.0566055104136467,0.062185272574424744,0.058996155858039856,0.056578706949949265,0.05517534539103508,0.05461198464035988
00168/img00168263.png,0.25,0.0008416857453994453,0.0614013597369194,0.06613926589488983,0.06339532881975174,0.06135133281350136,0.060277651995420456,0.060051657259464264
00168/img00168292.png,0.25,0.0008361215586774051,0.06851120293140411,0.0726293995976448,0.0703352689743042,0.06856703758239746,0.06764955073595047,0.06755533814430237
00168/img00168167.png,0.5,0.003500513033941388,0.07964781671762466,0.09660803526639938,0.08494287729263306,0.07911169528961182,0.07742499560117722,0.07765403389930725
00168/img00168187.png,0.5,0.005174742080271244,0.13615000247955322,0.15282846987247467,0.14206495881080627,0.13773587346076965,0.13694676756858826,0.13704761862754822
00168/img00168199.png,0.5,0.005923900753259659,0.14814135432243347,0.18464046716690063,0.1634099781513214,0.14795222878456116,0.13892175257205963,0.13540181517601013
00168/img00168219.png,0.5,0.003241629572585225,0.08752639591693878,0.10446923226118088,0.09389318525791168,0.08725140243768692,0.08425194770097733,0.08397433906793594
00168/img00168246.png,0.5,0.009257522411644459,0.22967782616615295,0.28204602003097534,0.25273630023002625,0.2306513488292694,0.217705637216568,0.2115374207496643
00168/img00168253.png,0.5,0.006956237833946943,0.17811627686023712,0.2190423309803009,0.19517357647418976,0.17879977822303772,0.16889634728431702,0.16345052421092987
00168/img00168263.png,0.5,0.007869678549468517,0.22362492978572845,0.26578426361083984,0.24314410984516144,0.22646848857402802,0.21431076526641846,0.20776543021202087
00168/img00168292.png,0.5,0.009446152485907078,0.2699294984340668,0.3132084608078003,0.29167425632476807,0.2744777500629425,0.2615708112716675,0.25594693422317505
00168/img00168167.png,0.75,0.01623781956732273,0.24519380927085876,0.31236064434051514,0.2791312336921692,0.24797256290912628,0.23702725768089294,0.23066648840904236
00168/img00168187.png,0.75,0.020996518433094025,0.316541850566864,0.3959883749485016,0.3644729256629944,0.33599749207496643,0.3025972843170166,0.2886357307434082
00168/img00168199.png,0.75,0.043630439788103104,0.33685314655303955,0.5449950695037842,0.44643884897232056,0.3592761158943176,0.30919215083122253,0.2425156533718109
00168/img00168219.png,0.75,0.018831191584467888,0.26364418864250183,0.3566938638687134,0.3144327402114868,0.2832815945148468,0.2487308233976364,0.20923784375190735
00168/img00168246.png,0.75,0.031655557453632355,0.4867114722728729,0.6377652883529663,0.546485424041748,0.4919799864292145,0.4708385765552521,0.44476577639579773
00168/img00168253.png,0.75,0.03727857396006584,0.3421442210674286,0.49521028995513916,0.4076058864593506,0.3518573045730591,0.3242330551147461,0.31820735335350037
00168/img00168263.png,0.75,0.029724860563874245,0.4077860116958618,0.5556652545928955,0.4707552194595337,0.41355282068252563,0.38168033957481384,0.3659006357192993
00168/img00168292.png,0.75,0.033942583948373795,0.5008057355880737,0.6634007096290588,0.5714259147644043,0.5034254193305969,0.47308552265167236,0.4624039828777313
00168/img00168167.png,0.9,0.05981941148638725,0.4154261350631714,0.6888569593429565,0.5448956489562988,0.44668978452682495,0.37085676193237305,0.3249285817146301
00168/img00168187.png,0.9,0.03637115657329559,0.5410062074661255,0.7083052396774292,0.6344489455223083,0.5796828866004944,0.5021334886550903,0.4623161554336548
00168/img00168199.png,0.9,0.05342304706573486,0.6812446713447571,0.9226357936859131,0.789670467376709,0.7188857793807983,0.6689858436584473,0.5731606483459473
00168/img00168219.png,0.9,0.04502538964152336,0.4749217927455902,0.6636431217193604,0.5845944285392761,0.5352786183357239,0.454989492893219,0.36123013496398926
00168/img00168246.png,0.9,0.045704666525125504,0.6275010108947754,0.8758549094200134,0.7471813559532166,0.655039370059967,0.5880439877510071,0.499908983707428
00168/img00168253.png,0.9,0.06067126989364624,0.6182390451431274,0.8357676267623901,0.7345490455627441,0.7039514780044556,0.6390950083732605,0.48118841648101807
00168/img00168263.png,0.9,0.05113969370722771,0.5510390400886536,0.8112640380859375,0.6499568223953247,0.5619661211967468,0.5086580514907837,0.479048490524292
00168/img00168292.png,0.9,0.055902935564517975,0.6210107803344727,0.8766278028488159,0.7525557279586792,0.6721946001052856,0.597715437412262,0.485475093126297
00168/img00168309.png,0.25,0.000900431361515075,0.048649512231349945,0.05350317806005478,0.05058979615569115,0.04862072691321373,0.04765249416232109,0.04738353192806244
00168/img00168325.png,0.25,0.0007947748526930809,0.06041811406612396,0.06453915685415268,0.06208425387740135,0.060377269983291626,0.059582166373729706,0.05948159471154213
00168/img00168355.png,0.25,0.0008039657841436565,0.048278067260980606,0.052181683480739594,0.049788832664489746,0.04826362431049347,0.04760165140032768,0.04757437855005264
00168/img00168380.png,0.25,0.0007997840875759721,0.05548125132918358,0.059055134654045105,0.056856364011764526,0.055447980761528015,0.05494777485728264,0.055097922682762146
00168/img00168422.png,0.25,0.0007976664346642792,0.06699095666408539,0.07073723524808884,0.06861567497253418,0.0671040266752243,0.06633869558572769,0.06614749133586884
00168/img00168444.png,0.25,0.0007840334437787533,0.04820566624403,0.05282199755311012,0.050001006573438644,0.04810704290866852,0.04714950919151306,0.046868935227394104
00168/img00168478.png,0.25,0.0007910422864370048,0.06294268369674683,0.06671774387359619,0.06448902189731598,0.06292518973350525,0.062241051346063614,0.06229562312364578
00168/img00168488.png,0.25,0.0008168868953362107,0.05740685015916824,0.06040942668914795,0.05848673731088638,0.05745253711938858,0.05725039541721344,0.0575195848941803
00168/img00168309.png,0.5,0.007578621152788401,0.18606869876384735,0.22222208976745605,0.2037881463766098,0.19032353162765503,0.17946678400039673,0.17243605852127075
00168/img00168325.png,0.5,0.008302963338792324,0.2195599526166916,0.26168572902679443,0.23942571878433228,0.2219565510749817,0.210220068693161,0.20602646470069885
00168/img00168355.png,0.5,0.006884751375764608,0.1799193024635315,0.2082388699054718,0.19177214801311493,0.18126358091831207,0.17628978192806244,0.17645582556724548
00168/img00168380.png,0.5,0.00727172801271081,0.23497852683067322,0.2645159959793091,0.250604510307312,0.24052809178829193,0.23212161660194397,0.2234811782836914
00168/img00168422.png,0.5,0.009967572055757046,0.27333712577819824,0.3219887912273407,0.2980279326438904,0.2786794900894165,0.2641237676143646,0.2537035048007965
00168/img00168444.png,0.5,0.007116760592907667,0.2027524709701538,0.24453836679458618,0.22331969439983368,0.20637378096580505,0.19222114980220795,0.18289309740066528
00168/img00168478.png,0.5,0.007651329040527344,0.2335718274116516,0.2729286551475525,0.2509975731372833,0.235082745552063,0.22498856484889984,0.2221182882785797
00168/img00168488.png,0.5,0.008580458350479603,0.2285574972629547,0.2672277092933655,0.25012683868408203,0.23596110939979553,0.2216210961341858,0.21075302362442017
00168/img00168309.png,0.75,0.03138323500752449,0.4180985987186432,0.5689419507980347,0.4954172968864441,0.43689435720443726,0.3945271372795105,0.35162848234176636
00168/img00168325.png,0.75,0.026276225224137306,0.3905089199542999,0.5490554571151733,0.4550703167915344,0.39117559790611267,0.356971800327301,0.33165255188941956
00168/img00168355.png,0.75,0.03025202825665474,0.4450778663158417,0.5266064405441284,0.49309009313583374,0.48699164390563965,0.4643194079399109,0.4056418836116791
00168/img00168380.png,0.75,0.03311716020107269,0.5228694677352905,0.6690697073936462,0.5932388305664062,0.5335227251052856,0.4958772659301758,0.4882246255874634
00168/img00168422.png,0.75,0.03610685095191002,0.49000832438468933,0.6882922053337097,0.5875461101531982,0.5110968351364136,0.4486256539821625,0.39501500129699707
00168/img00168444.png,0.75,0.04159246012568474,0.44026878476142883,0.6342325210571289,0.54457688331604,0.46728670597076416,0.39641714096069336,0.3667929768562317
00168/img00168478.png,0.75,0.028005434200167656,0.42560911178588867,0.5749412775039673,0.484261691570282,0.42641860246658325,0.3944682478904724,0.38798290491104126
00168/img00168488.png,0.75,0.02492566779255867,0.44228464365005493,0.5838359594345093,0.5165470838546753,0.4606809616088867,0.40744006633758545,0.3675473928451538
00168/img00168309.png,0.9,0.060933735221624374,0.5150874853134155,0.792582631111145,0.6502811908721924,0.5614464282989502,0.4745270609855652,0.4012688994407654
00168/img00168325.png,0.9,0.04258086904883385,0.4527609348297119,0.7132339477539062,0.547816812992096,0.45630764961242676,0.4020107090473175,0.3573397994041443
00168/img00168355.png,0.9,0.05870485305786133,0.7667467594146729,0.9900644421577454,0.8786424398422241,0.8207700252532959,0.7368799448013306,0.7009012699127197
00168/img00168380.png,0.9,0.045225854963064194,0.6189839839935303,0.8585103750228882,0.7133784294128418,0.6261088848114014,0.5789105892181396,0.5441406965255737
00168/img00168422.png,0.9,0.06368955224752426,0.5869404077529907,0.9408758282661438,0.7391650676727295,0.5990930199623108,0.5084859728813171,0.4655300974845886
00168/img00168444.png,0.9,0.06761296838521957,0.6445346474647522,0.9985610842704773,0.787781298160553,0.6641379594802856,0.5988978147506714,0.5113598108291626
00168/img00168478.png,0.9,0.053835250437259674,0.5919362902641296,0.8799299001693726,0.7275162935256958,0.6130680441856384,0.5142906904220581,0.4940527677536011
00168/img00168488.png,0.9,0.06944157928228378,0.66642165184021,1.0492361783981323,0.861458420753479,0.7059064507484436,0.5753659605979919,0.4873490333557129
00168/img00168521.png,0.25,0.0007983343093656003,0.05705086886882782,0.06176113337278366,0.05900532007217407,0.05700582265853882,0.05592258647084236,0.05555114150047302
00168/img00168543.png,0.25,0.0008464513230137527,0.058816708624362946,0.0632827877998352,0.06063713878393173,0.05877654254436493,0.05788581445813179,0.057733483612537384
00168/img00168552.png,0.25,0.0007828079396858811,0.050622422248125076,0.0549386665225029,0.052330102771520615,0.050568751990795135,0.04970596358180046,0.049482665956020355
00168/img00168561.png,0.25,0.000776706263422966,0.06404846161603928,0.06795202940702438,0.0656493604183197,0.06401523947715759,0.06326296925544739,0.06324625015258789
00168/img00168565.png,0.25,0.0008789052371867001,0.05761738121509552,0.0621010959148407,0.05951956659555435,0.05762358009815216,0.05668702721595764,0.056550152599811554
00168/img00168566.png,0.25,0.0007707259501330554,0.0595894381403923,0.06389220058917999,0.06143071502447128,0.059598878026008606,0.05859211087226868,0.058286890387535095
00168/img00168575.png,0.25,0.0008618177962489426,0.0588931068778038,0.06251794844865799,0.06031021475791931,0.05891511216759682,0.05842825770378113,0.05860307440161705
00168/img00168589.png,0.25,0.0007519677164964378,0.062166593968868256,0.06565697491168976,0.06360551714897156,0.062196891754865646,0.061565496027469635,0.06156790256500244
00168/img00168521.png,0.5,0.00793249811977148,0.2215988039970398,0.26591962575912476,0.24205276370048523,0.22383341193199158,0.21117383241653442,0.20467683672904968
00168/img00168543.png,0.5,0.007350744213908911,0.21735911071300507,0.25412020087242126,0.23400066792964935,0.21976830065250397,0.21009480953216553,0.20556527376174927
00168/img00168552.png,0.5,0.00707249203696847,0.18636608123779297,0.22434937953948975,0.20438966155052185,0.18921208381652832,0.17821137607097626,0.1710304617881775
00168/img00168561.png,0.5,0.009429519064724445,0.2753449082374573,0.3163753151893616,0.29582417011260986,0.2790933847427368,0.26763206720352173,0.26494717597961426
00168/img00168565.png,0.5,0.007874365895986557,0.21855223178863525,0.25303885340690613,0.23364827036857605,0.22074809670448303,0.213363915681839,0.21133384108543396
00168/img00168566.png,0.5,0.006890459451824427,0.2181055098772049,0.25657734274864197,0.23548826575279236,0.22029906511306763,0.20956753194332123,0.20304763317108154
00168/img00168575.png,0.5,0.008398128673434258,0.239167258143425,0.2802925109863281,0.26004618406295776,0.2436327189207077,0.23074740171432495,0.22310809791088104
00168/img00168589.png,0.5,0.00956792663782835,0.24648866057395935,0.2903345823287964,0.2672293186187744,0.24916721880435944,0.23860016465187073,0.23495161533355713
00168/img00168521.png,0.75,0.029203614220023155,0.3878404200077057,0.5396089553833008,0.452469140291214,0.39680564403533936,0.36921486258506775,0.3271215260028839
00168/img00168543.png,0.75,0.03347666189074516,0.4572266638278961,0.6194524168968201,0.5328022241592407,0.46242982149124146,0.4281144440174103,0.410717636346817
00168/img00168552.png,0.75,0.038446735590696335,0.47795507311820984,0.6321424841880798,0.5568161010742188,0.5024396777153015,0.4588034749031067,0.4318072199821472
00168/img00168561.png,0.75,0.033182378858327866,0.5142899751663208,0.6684514880180359,0.599287748336792,0.5474019646644592,0.4800596535205841,0.44216102361679077
00168/img00168565.png,0.75,0.03102177381515503,0.48263436555862427,0.6220275163650513,0.5488246083259583,0.4933813214302063,0.4603777527809143,0.44366955757141113
00168/img00168566.png,0.75,0.025860756635665894,0.4121425747871399,0.5540997982025146,0.4750075936317444,0.422817587852478,0.38460370898246765,0.35348790884017944
00168/img00168575.png,0.75,0.04498472437262535,0.4492138922214508,0.6361178159713745,0.5502210855484009,0.4670931398868561,0.4267084002494812,0.3908526301383972
00168/img00168589.png,0.75,0.033747728914022446,0.5163609981536865,0.6684661507606506,0.5941714644432068,0.5359103679656982,0.4955407381057739,0.456454873085022
00168/img00168521.png,0.9,0.05053923651576042,0.531426727771759,0.7859272360801697,0.6497206687927246,0.5680673122406006,0.4815487265586853,0.424565851688385
00168/img00168543.png,0.9,0.062166787683963776,0.6318278908729553,0.9547827243804932,0.7895019054412842,0.6638655066490173,0.5619973540306091,0.4998258948326111
00168/img00168552.png,0.9,0.08984507620334625,0.8338721990585327,1.1375317573547363,0.9583737254142761,0.8934872150421143,0.8248751759529114,0.8043186664581299
00168/img00168561.png,0.9,0.06347321718931198,0.6275078058242798,0.9337671995162964,0.7767026424407959,0.6710602045059204,0.5666899681091309,0.5066850185394287
00168/img00168565.png,0.9,0.05137991905212402,0.6717092990875244,0.9296778440475464,0.7848315834999084,0.6974520683288574,0.6255325078964233,0.5779520869255066
00168/img00168566.png,0.9,0.05212360620498657,0.517059326171875,0.790608286857605,0.6319188475608826,0.527151882648468,0.4497954249382019,0.4464400112628937
00168/img00168575.png,0.9,0.06867031008005142,0.6690971851348877,1.0314241647720337,0.8454641103744507,0.7138582468032837,0.565847635269165,0.5322433114051819
00168/img00168589.png,0.9,0.05172437056899071,0.7143207788467407,0.9621139764785767,0.825918436050415,0.7345998287200928,0.6724627017974854,0.6351306438446045
00168/img00168594.png,0.25,0.0008843137766234577,0.052307646721601486,0.05681423097848892,0.05410531535744667,0.05226007103919983,0.051435042172670364,0.051345136016607285
00168/img00168602.png,0.25,0.0007618952658958733,0.05983354151248932,0.06339816749095917,0.06122080981731415,0.0598122738301754,0.059248123317956924,0.059297800064086914
00168/img00168605.png,0.25,0.0008771702996455133,0.0580463707447052,0.06245315074920654,0.05989934131503105,0.058098480105400085,0.05719905346632004,0.05696769803762436
00168/img00168612.png,0.25,0.0007954679313115776,0.06477931886911392,0.06868342310190201,0.06649506837129593,0.06488668918609619,0.06402573734521866,0.06378301978111267
00168/img00168615.png,0.25,0.0008330614655278623,0.044797491282224655,0.048702117055654526,0.04620504379272461,0.04474407806992531,0.04421442374587059,0.04428710788488388
00168/img00168650.png,0.25,0.0007376078865490854,0.053097620606422424,0.057357415556907654,0.05477453023195267,0.05298659950494766,0.05212198942899704,0.05193560943007469
00168/img00168663.png,0.25,0.000838146370369941,0.05221469700336456,0.05623782053589821,0.05372221767902374,0.052137214690446854,0.051526330411434174,0.051640626043081284
00168/img00168670.png,0.25,0.0008317696047015488,0.0538107231259346,0.057436443865299225,0.05519763380289078,0.05382286012172699,0.05332621932029724,0.05342932417988777
00168/img00168594.png,0.5,0.007233873941004276,0.1925845593214035,0.22737988829612732,0.2072104513645172,0.19408529996871948,0.18649733066558838,0.18391916155815125
00168/img00168602.png,0.5,0.008139881305396557,0.21862220764160156,0.25870072841644287,0.23789817094802856,0.22181887924671173,0.2104281485080719,0.2049645334482193
00168/img00168605.png,0.5,0.007945820689201355,0.21907469630241394,0.26145705580711365,0.238772451877594,0.2219962328672409,0.2103031873703003,0.20257368683815002
00168/img00168612.png,0.5,0.009065575897693634,0.24895349144935608,0.2929390072822571,0.2710350453853607,0.2537626028060913,0.23991945385932922,0.23243921995162964
00168/img00168615.png,0.5,0.006667699199169874,0.16001570224761963,0.19021444022655487,0.17510922253131866,0.16477859020233154,0.15591761469841003,0.14739710092544556
00168/img00168650.png,0.5,0.008868011645972729,0.21634328365325928,0.25716909766197205,0.2344188392162323,0.2179504781961441,0.20873841643333435,0.207779660820961
00168/img00168663.png,0.5,0.0074330284260213375,0.19718632102012634,0.22667790949344635,0.2104688584804535,0.2002602219581604,0.19363847374916077,0.1920512318611145
00168/img00168670.png,0.5,0.007370637264102697,0.2029787302017212,0.23900346457958221,0.21973516047000885,0.20646584033966064,0.19728578627109528,0.18925650417804718
00168/img00168594.png,0.75,0.026434971019625664,0.40882372856140137,0.5329155325889587,0.46426916122436523,0.41859564185142517,0.3899001181125641,0.3706129789352417
00168/img00168602.png,0.75,0.0325651690363884,0.407912015914917,0.5677976608276367,0.4863397479057312,0.42718011140823364,0.3752959370613098,0.3457723557949066
00168/img00168605.png,0.75,0.03634050488471985,0.46124204993247986,0.6387292146682739,0.5483711957931519,0.4816285967826843,0.4290446639060974,0.390139102935791
00168/img00168612.png,0.75,0.03527224436402321,0.49759817123413086,0.6650339365005493,0.5807969570159912,0.5174532532691956,0.4611048698425293,0.43996310234069824
00168/img00168615.png,0.75,0.03880423679947853,0.39059531688690186,0.5482834577560425,0.4870797395706177,0.4101182818412781,0.36540481448173523,0.33611130714416504
00168/img00168650.png,0.75,0.0310481246560812,0.49416011571884155,0.6332387328147888,0.5576432347297668,0.515446662902832,0.47997981309890747,0.4397326111793518
00168/img00168663.png,0.75,0.024117425084114075,0.3745000660419464,0.486688494682312,0.4259010851383209,0.38197487592697144,0.35355424880981445,0.34496867656707764
00168/img00168670.png,0.75,0.02460660971701145,0.46351248025894165,0.5654306411743164,0.5187802910804749,0.4836810231208801,0.45328712463378906,0.4194163978099823
00168/img00168594.png,0.9,0.05465893819928169,0.567952573299408,0.8037340044975281,0.6838194727897644,0.6160919070243835,0.5631799697875977,0.4462321698665619
00168/img00168602.png,0.9,0.061801981180906296,0.5946552753448486,0.8807628154754639,0.7265554666519165,0.6349054574966431,0.5225298404693604,0.5175325870513916
00168/img00168605.png,0.9,0.06794136017560959,0.6172590255737305,0.8810434341430664,0.7208105325698853,0.6348742246627808,0.6193557381629944,0.5699182152748108
00168/img00168612.png,0.9,0.057699818164110184,0.6023768782615662,0.8858531713485718,0.7325494885444641,0.6283005475997925,0.5410990715026855,0.5125812292098999
00168/img00168615.png,0.9,0.06124284490942955,0.5716532468795776,0.8187313079833984,0.6924775242805481,0.6202185153961182,0.575106143951416,0.45794689655303955
00168/img00168650.png,0.9,0.05994737148284912,0.6452229619026184,0.9336467385292053,0.7751051187515259,0.6820734739303589,0.5898222923278809,0.5452040433883667
00168/img00168663.png,0.9,0.061917055398225784,0.5423245429992676,0.7656944990158081,0.6458074450492859,0.5718883275985718,0.5175421237945557,0.5202755331993103
00168/img00168670.png,0.9,0.04747997969388962,0.6171423196792603,0.7849036455154419,0.729049563407898,0.679505467414856,0.6148957014083862,0.5147571563720703
00168/img00168699.png,0.25,0.00082478451076895,0.051891304552555084,0.05698588863015175,0.05406150594353676,0.05185145139694214,0.050587598234415054,0.05009400099515915
00168/img00168700.png,0.25,0.0008741188212297857,0.05932559818029404,0.06267476826906204,0.06054941564798355,0.05929909646511078,0.059030503034591675,0.05944480001926422
00168/img00168704.png,0.25,0.0007951524457894266,0.05300673097372055,0.058165617287158966,0.05515825375914574,0.05292836204171181,0.05164606496691704,0.0511111244559288
00168/img00168710.png,0.25,0.0007992580649442971,0.047871120274066925,0.0530579574406147,0.04996659606695175,0.047804947942495346,0.046563319861888885,0.045959070324897766
00168/img00168715.png,0.25,0.0007585845305584371,0.05926540493965149,0.06320305913686752,0.06092305853962898,0.05933014303445816,0.05848754197359085,0.05817614495754242
00168/img00168730.png,0.25,0.000838883628603071,0.06323188543319702,0.0666416734457016,0.06460270285606384,0.06328040361404419,0.06281965225934982,0.06300940364599228
00168/img00168739.png,0.25,0.0007982060196809471,0.0539872944355011,0.0584895946085453,0.055809926241636276,0.05395638197660446,0.05300208181142807,0.05266951769590378
00168/img00168740.png,0.25,0.0008875716594047844,0.06379574537277222,0.06771321594715118,0.0654161274433136,0.06384840607643127,0.06318986415863037,0.06324899196624756
00168/img00168699.png,0.5,0.007510158699005842,0.18343022465705872,0.22278796136379242,0.19982029497623444,0.18433642387390137,0.17552989721298218,0.1722273826599121
00168/img00168700.png,0.5,0.0076486170291900635,0.2394522726535797,0.2726173400878906,0.25635021924972534,0.24353837966918945,0.2337423712015152,0.22925618290901184
00168/img00168704.png,0.5,0.008317254483699799,0.19626224040985107,0.24164888262748718,0.21736690402030945,0.1989046037197113,0.1861417293548584,0.17883536219596863
00168/img00168710.png,0.5,0.0069834329187870026,0.1585918664932251,0.19901220500469208,0.17641323804855347,0.1607460379600525,0.14933496713638306,0.14237003028392792
00168/img00168715.png,0.5,0.008904281072318554,0.21764720976352692,0.2604278326034546,0.23668478429317474,0.2195996344089508,0.20958618819713593,0.20645901560783386
00168/img00168730.png,0.5,0.008176702074706554,0.22178858518600464,0.25767236948013306,0.2372429221868515,0.22356092929840088,0.2166292518377304,0.2147209644317627
00168/img00168739.png,0.5,0.007487268652766943,0.19646260142326355,0.23475953936576843,0.212184339761734,0.19785138964653015,0.18938368558883667,0.18557047843933105
00168/img00168740.png,0.5,0.008128652349114418,0.252684086561203,0.2920295000076294,0.27085062861442566,0.25690704584121704,0.24685907363891602,0.23741742968559265
00168/img00168699.png,0.75,0.025331730023026466,0.3434550166130066,0.46057626605033875,0.3948403000831604,0.35439547896385193,0.3285788893699646,0.3055427670478821
00168/img00168700.png,0.75,0.033469557762145996,0.5246182680130005,0.6759871244430542,0.5987940430641174,0.5434755086898804,0.501488447189331,0.47069382667541504
00168/img00168704.png,0.75,0.03180404379963875,0.41862809658050537,0.569129467010498,0.48151713609695435,0.42294448614120483,0.3968023359775543,0.38176727294921875
00168/img00168710.png,0.75,0.039718735963106155,0.3335196375846863,0.5226964950561523,0.427240788936615,0.3559577465057373,0.30335256457328796,0.2569441795349121
00168/img00168715.png,0.75,0.028098424896597862,0.42458391189575195,0.5752338171005249,0.49238091707229614,0.4368304908275604,0.39830005168914795,0.36066627502441406
00168/img00168730.png,0.75,0.02490154653787613,0.4379056692123413,0.5564632415771484,0.4915558695793152,0.4526292681694031,0.42344605922698975,0.38994157314300537
00168/img00168739.png,0.75,0.0317315049469471,0.4946621358394623,0.6684884428977966,0.5824136734008789,0.5113893747329712,0.45135486125946045,0.4183218777179718
00168/img00168740.png,0.75,0.03451529145240784,0.44467008113861084,0.6105332970619202,0.5275265574455261,0.46164578199386597,0.4102420210838318,0.3859792947769165
00168/img00168699.png,0.9,0.05714353546500206,0.5190895795822144,0.7871100902557373,0.6508720517158508,0.5532035231590271,0.4602743089199066,0.42970550060272217
00168/img00168700.png,0.9,0.053286124020814896,0.7947704792022705,1.0115160942077637,0.9230334758758545,0.8601969480514526,0.7892913818359375,0.6562449932098389
00168/img00168704.png,0.9,0.06085804104804993,0.7053893208503723,0.9343278408050537,0.8373517990112305,0.7750864028930664,0.6846866011619568,0.5997841954231262
00168/img00168710.png,0.9,0.06625985354185104,0.4922729730606079,0.8480507731437683,0.6641144156455994,0.5184565782546997,0.3948069214820862,0.3672354519367218
00168/img00168715.png,0.9,0.0518367700278759,0.5457906126976013,0.8229759335517883,0.662135660648346,0.5642592906951904,0.495124489068985,0.44364166259765625
00168/img00168730.png,0.9,0.04590277373790741,0.5315393805503845,0.7396820783615112,0.6253721714019775,0.5497123003005981,0.4964105486869812,0.47603365778923035
00168/img00168739.png,0.9,0.05817536264657974,0.6545649766921997,0.9191358685493469,0.7893134355545044,0.7001845836639404,0.6114349365234375,0.5436327457427979
00168/img00168740.png,0.9,0.06149434670805931,0.5441495180130005,0.8541691303253174,0.6939125061035156,0.5641061067581177,0.4725208878517151,0.44351065158843994
00168/img00168747.png,0.25,0.0009362466516904533,0.04073701053857803,0.04591161757707596,0.042660657316446304,0.04061169922351837,0.03968919813632965,0.0394931323826313
00168/img00168749.png,0.25,0.000795632426161319,0.050773344933986664,0.05469154566526413,0.05229698866605759,0.0507589653134346,0.05009814724326134,0.049999237060546875
00168/img00168765.png,0.25,0.0008325885864906013,0.0610506534576416,0.06570728123188019,0.06304223835468292,0.06107180565595627,0.05998104810714722,0.05961385369300842
00168/img00168781.png,0.25,0.0007568849250674248,0.04858125373721123,0.05318726971745491,0.05042020231485367,0.04848680645227432,0.0474671870470047,0.04712922126054764
00168/img00168788.png,0.25,0.000860361207742244,0.051300182938575745,0.054817285388708115,0.0526057630777359,0.05131084471940994,0.05092107504606247,0.05114775523543358
00168/img00168793.png,0.25,0.0008527489262633026,0.05941806733608246,0.06383472681045532,0.061311401426792145,0.0594291090965271,0.05846412479877472,0.05831471085548401
00168/img00168798.png,0.25,0.0008363895467482507,0.06528457999229431,0.0694485753774643,0.06707112491130829,0.06536358594894409,0.06449072062969208,0.06423082947731018
00168/img00168810.png,0.25,0.0007889525149948895,0.06135494261980057,0.0644138753414154,0.06258564442396164,0.06142156571149826,0.06104205176234245,0.061256349086761475
00168/img00168747.png,0.5,0.006237601395696402,0.12090376019477844,0.14935201406478882,0.13368722796440125,0.12387291342020035,0.11596055328845978,0.112834133207798
00168/img00168749.png,0.5,0.008748361840844154,0.20980249345302582,0.24177107214927673,0.2243286520242691,0.21139490604400635,0.2047564536333084,0.21050316095352173
00168/img00168765.png,0.5,0.009575927630066872,0.23538894951343536,0.2854938507080078,0.2598227262496948,0.23924797773361206,0.22445914149284363,0.21580073237419128
00168/img00168781.png,0.5,0.00778107438236475,0.18052434921264648,0.222356915473938,0.19885143637657166,0.18182963132858276,0.17202416062355042,0.16646495461463928
00168/img00168788.png,0.5,0.0065666078589856625,0.1888211965560913,0.22117790579795837,0.20369473099708557,0.19143417477607727,0.18283376097679138,0.17779839038848877
00168/img00168793.png,0.5,0.008479275740683079,0.23996314406394958,0.2791653573513031,0.25711482763290405,0.24118603765964508,0.23263952136039734,0.23210638761520386
00168/img00168798.png,0.5,0.009662282653152943,0.25679290294647217,0.30231404304504395,0.2794490456581116,0.2620192766189575,0.24841982126235962,0.24007368087768555
00168/img00168810.png,0.5,0.0076504903845489025,0.23310399055480957,0.2653588056564331,0.24782918393611908,0.23583143949508667,0.2286192774772644,0.22613371908664703
00168/img00168747.png,0.75,0.03358858451247215,0.32695311307907104,0.4501030445098877,0.3963857889175415,0.3497847318649292,0.3106266260147095,0.2958083152770996
00168/img00168749.png,0.75,0.035329461097717285,0.4545552730560303,0.6195707321166992,0.5393704771995544,0.4812029004096985,0.4258591830730438,0.38342028856277466
00168/img00168765.png,0.75,0.03884761780500412,0.43121618032455444,0.6232863068580627,0.5238019227981567,0.45267975330352783,0.3887193202972412,0.3618316054344177
00168/img00168781.png,0.75,0.03062705509364605,0.41758304834365845,0.5874089598655701,0.5023798942565918,0.4424419403076172,0.38013094663619995,0.3286888003349304
00168/img00168788.png,0.75,0.03474557027220726,0.44338566064834595,0.5846054553985596,0.5198125243186951,0.47280949354171753,0.42668288946151733,0.38674575090408325
00168/img00168793.png,0.75,0.033204879611730576,0.5158810615539551,0.6387907862663269,0.5747613906860352,0.5351605415344238,0.5167686939239502,0.4799480438232422
00168/img00168798.png,0.75,0.03655083104968071,0.4931323528289795,0.6866970658302307,0.5868042707443237,0.505565345287323,0.44492456316947937,0.42442449927330017
00168/img00168810.png,0.75,0.030866701155900955,0.4420841336250305,0.5661513209342957,0.4972863793373108,0.45469987392425537,0.43313848972320557,0.41347813606262207
00168/img00168747.png,0.9,0.05981111526489258,0.6956468224525452,0.9524829983711243,0.8229219317436218,0.7525398135185242,0.6690002679824829,0.5803447961807251
00168/img00168749.png,0.9,0.05302543565630913,0.5785678029060364,0.8524169921875,0.6963319778442383,0.5907427072525024,0.5185492634773254,0.49992528557777405
00168/img00168765.png,0.9,0.05964761599898338,0.5656798481941223,0.8259879350662231,0.6878721117973328,0.6119477152824402,0.5587648153305054,0.4420648217201233
00168/img00168781.png,0.9,0.06293520331382751,0.6185128092765808,0.8720129132270813,0.7469909191131592,0.6571307182312012,0.6261862516403198,0.5049192309379578
00168/img00168788.png,0.9,0.04832039773464203,0.680030345916748,0.9147663116455078,0.7963774800300598,0.7068096995353699,0.6486163139343262,0.5751841068267822
00168/img00168793.png,0.9,0.053031232208013535,0.6614909172058105,0.9318844079971313,0.7801772356033325,0.6810726523399353,0.6029754877090454,0.5765011310577393
00168/img00168798.png,0.9,0.06736825406551361,0.634494423866272,0.9828041791915894,0.8132928013801575,0.6706713438034058,0.5439566373825073,0.498588502407074
00168/img00168810.png,0.9,0.04667156934738159,0.678536593914032,0.9103533625602722,0.7968673706054688,0.7250454425811768,0.6531192064285278,0.5406556129455566
00168/img00168854.png,0.25,0.0008547454490326345,0.0681408941745758,0.07242484390735626,0.07008546590805054,0.0682612732052803,0.06724275648593903,0.06696382164955139
00168/img00168872.png,0.25,0.0008418377838097513,0.06827739626169205,0.07265210151672363,0.07016955316066742,0.06829853355884552,0.06732914596796036,0.06714682281017303
00168/img00168884.png,0.25,0.0008152123773470521,0.06383657455444336,0.06809011846780777,0.06559617817401886,0.06381484866142273,0.06294795870780945,0.06280983984470367
00168/img00168916.png,0.25,0.0009021665318869054,0.05913013964891434,0.06345017999410629,0.06086453050374985,0.05915427207946777,0.05838584527373314,0.05830668658018112
00168/img00168934.png,0.25,0.0007849572575651109,0.06637077033519745,0.06969975680112839,0.06775765120983124,0.06642397493124008,0.06589795649051666,0.06599929928779602
00168/img00168950.png,0.25,0.000907131121493876,0.05905032157897949,0.06303507834672928,0.06064974516630173,0.0590934082865715,0.05847877264022827,0.05853026360273361
00168/img00168956.png,0.25,0.0008733531576581299,0.05415105074644089,0.05769550800323486,0.05541004240512848,0.054067060351371765,0.05375494435429573,0.054194457828998566
00168/img00168975.png,0.25,0.0009422345319762826,0.04996456578373909,0.05443043261766434,0.051638081669807434,0.04989010840654373,0.049235403537750244,0.04933996871113777
00168/img00168854.png,0.5,0.008491485379636288,0.2373320460319519,0.2820292115211487,0.2569407820701599,0.2386823147535324,0.22781580686569214,0.2236495167016983
00168/img00168872.png,0.5,0.009496543556451797,0.27738478779792786,0.3247143030166626,0.30167925357818604,0.28270530700683594,0.26741859316825867,0.2578892707824707
00168/img00168884.png,0.5,0.009620247408747673,0.2655681371688843,0.3105853199958801,0.2872641086578369,0.2696458101272583,0.25697222352027893,0.2514744997024536
00168/img00168916.png,0.5,0.008127476088702679,0.21534296870231628,0.26292672753334045,0.2385304868221283,0.21911320090293884,0.2035737931728363,0.19320803880691528
00168/img00168934.png,0.5,0.009147380478680134,0.2567344903945923,0.29944515228271484,0.27724745869636536,0.2603120803833008,0.24830396473407745,0.24410076439380646
00168/img00168950.png,0.5,0.007878142409026623,0.24573563039302826,0.2809474468231201,0.263072669506073,0.25004345178604126,0.24026165902614594,0.2337436079978943
00168/img00168956.png,0.5,0.007500153966248035,0.1973535716533661,0.22832706570625305,0.21050162613391876,0.19893032312393188,0.19314664602279663,0.1933629959821701
00168/img00168975.png,0.5,0.0068447100929915905,0.17732256650924683,0.20902734994888306,0.1908053755760193,0.17934788763523102,0.17232458293437958,0.16933110356330872
00168/img00168854.png,0.75,0.030166685581207275,0.4052344858646393,0.5687888860702515,0.4726632833480835,0.40758728981018066,0.367900013923645,0.36006635427474976
00168/img00168872.png,0.75,0.03848513588309288,0.5070680379867554,0.7052755355834961,0.6014723181724548,0.519081711769104,0.46068882942199707,0.4412475824356079
00168/img00168884.png,0.75,0.03857484459877014,0.5136792659759521,0.7073764204978943,0.6064621806144714,0.5290732383728027,0.46883606910705566,0.4495227336883545
00168/img00168916.png,0.75,0.034326400607824326,0.41729089617729187,0.6001248359680176,0.5021634101867676,0.42585432529449463,0.3724614977836609,0.357482373714447
00168/img00168934.png,0.75,0.036548908799886703,0.5225247144699097,0.6634104251861572,0.5903911590576172,0.5506477355957031,0.5159012675285339,0.4750175178050995
00168/img00168950.png,0.75,0.030479419976472855,0.5211491584777832,0.6662822961807251,0.5863823294639587,0.5330004692077637,0.49667906761169434,0.47579866647720337
00168/img00168956.png,0.75,0.034011658281087875,0.4784375727176666,0.6281455755233765,0.5685543417930603,0.5113463997840881,0.45364949107170105,0.40055039525032043
00168/img00168975.png,0.75,0.025284407660365105,0.36698102951049805,0.48473575711250305,0.4227173328399658,0.37916332483291626,0.34468603134155273,0.3300248384475708
00168/img00168854.png,0.9,0.04920720309019089,0.5481871366500854,0.8158769607543945,0.6466922163963318,0.5426187515258789,0.4828336536884308,0.49894991517066956
00168/img00168872.png,0.9,0.05883033201098442,0.6045969724655151,0.9175755977630615,0.7327665090560913,0.6069034337997437,0.5468408465385437,0.513050377368927
00168/img00168884.png,0.9,0.06664234399795532,0.7073879241943359,0.9850916862487793,0.8498707413673401,0.7568062543869019,0.7023375034332275,0.5760447978973389
00168/img00168916.png,0.9,0.05698436126112938,0.5809268355369568,0.8785943388938904,0.7109304070472717,0.5994864702224731,0.5172102451324463,0.48333460092544556
00168/img00168934.png,0.9,0.06479056924581528,0.6913807988166809,0.9737533330917358,0.8110766410827637,0.6847922801971436,0.6438049077987671,0.6674296855926514
00168/img00168950.png,0.9,0.051474642008543015,0.6467699408531189,0.8834549188613892,0.7446064949035645,0.6631482243537903,0.5999166965484619,0.600096583366394
00168/img00168956.png,0.9,0.05588666349649429,0.6769400238990784,0.9770290851593018,0.8103805780410767,0.6885461807250977,0.628196120262146,0.5599814653396606
00168/img00168975.png,0.9,0.05098656564950943,0.6073030233383179,0.8173391819000244,0.7023627161979675,0.6363592147827148,0.5845437049865723,0.5508430004119873
